{
  "name": "root",
  "gauges": [
    {
      "name": "RLLearningBrain.mean_reward",
      "value": 0.2,
      "min": -0.75,
      "max": 0.5,
      "count": 42
    }
  ],
  "total": 1407.3717542000002,
  "count": 1,
  "self": 366.7483450000025,
  "children": [
    {
      "name": "TrainerController.advance",
      "total": 1040.6234091999977,
      "count": 42053,
      "self": 106.67048749999367,
      "children": [
        {
          "name": "env_step",
          "total": 231.80002470000582,
          "count": 42053,
          "self": 203.29920399999864,
          "children": [
            {
              "name": "SubprocessEnvManager._take_step",
              "total": 28.109358499999015,
              "count": 42053,
              "self": 0.6369850000000419,
              "children": [
                {
                  "name": "PPOPolicy.evaluate",
                  "total": 27.472373499998973,
                  "count": 42053,
                  "self": 27.472373499998973
                }
              ]
            },
            {
              "name": "workers",
              "total": 0.3914622000081742,
              "count": 42053,
              "self": 0.0,
              "children": [
                {
                  "name": "worker_root",
                  "total": 1401.6777272999946,
                  "count": 42053,
                  "is_parallel": true,
                  "self": 1231.3632614999929,
                  "children": [
                    {
                      "name": "UnityEnvironment.step",
                      "total": 170.31446580000176,
                      "count": 42053,
                      "is_parallel": true,
                      "self": 65.82652589999003,
                      "children": [
                        {
                          "name": "UnityEnvironment._generate_step_input",
                          "total": 15.759681200023099,
                          "count": 42053,
                          "is_parallel": true,
                          "self": 15.759681200023099
                        },
                        {
                          "name": "communicator.exchange",
                          "total": 88.72825869998863,
                          "count": 42053,
                          "is_parallel": true,
                          "self": 88.72825869998863
                        }
                      ]
                    }
                  ]
                }
              ]
            }
          ]
        },
        {
          "name": "update_policy",
          "total": 702.1528969999982,
          "count": 8573,
          "self": 153.3183274000353,
          "children": [
            {
              "name": "PPOPolicy.update",
              "total": 548.834569599963,
              "count": 628821,
              "self": 548.834569599963
            }
          ]
        }
      ]
    }
  ]
}