{
  "name": "root",
  "total": 69.1438768,
  "count": 1,
  "self": 19.21812499999954,
  "children": [
    {
      "name": "TrainerController.advance",
      "total": 49.92575180000046,
      "count": 13242,
      "self": 2.670860200000263,
      "children": [
        {
          "name": "env_step",
          "total": 47.2548916000002,
          "count": 13242,
          "self": 39.181369800000994,
          "children": [
            {
              "name": "SubprocessEnvManager._take_step",
              "total": 7.950402099999604,
              "count": 13242,
              "self": 0.17389289999969648,
              "children": [
                {
                  "name": "PPOPolicy.evaluate",
                  "total": 7.776509199999907,
                  "count": 13242,
                  "self": 7.776509199999907
                }
              ]
            },
            {
              "name": "workers",
              "total": 0.12311969999959871,
              "count": 13241,
              "self": 0.0,
              "children": [
                {
                  "name": "worker_root",
                  "total": 60.37552320000027,
                  "count": 13241,
                  "is_parallel": true,
                  "self": 28.524643900000104,
                  "children": [
                    {
                      "name": "UnityEnvironment.step",
                      "total": 31.85087930000017,
                      "count": 13241,
                      "is_parallel": true,
                      "self": 3.7506900999999537,
                      "children": [
                        {
                          "name": "UnityEnvironment._generate_step_input",
                          "total": 0.6301909000003025,
                          "count": 13241,
                          "is_parallel": true,
                          "self": 0.6301909000003025
                        },
                        {
                          "name": "communicator.exchange",
                          "total": 27.469998299999915,
                          "count": 13241,
                          "is_parallel": true,
                          "self": 27.469998299999915
                        }
                      ]
                    }
                  ]
                }
              ]
            }
          ]
        }
      ]
    }
  ]
}