{
  "name": "root",
  "gauges": [
    {
      "name": "PlayerLearningBrain.mean_reward",
      "value": 0.4565000431612134,
      "min": 0.1890000100247562,
      "max": 1.6200004590209574,
      "count": 11
    }
  ],
  "total": 488.5896174,
  "count": 1,
  "self": 17.268418000000963,
  "children": [
    {
      "name": "TrainerController.advance",
      "total": 471.32119939999905,
      "count": 17723,
      "self": 29.613922199999024,
      "children": [
        {
          "name": "env_step",
          "total": 397.9610521999998,
          "count": 17723,
          "self": 366.1306043999999,
          "children": [
            {
              "name": "SubprocessEnvManager._take_step",
              "total": 31.284445000000126,
              "count": 17723,
              "self": 0.882254400004264,
              "children": [
                {
                  "name": "PPOPolicy.evaluate",
                  "total": 30.402190599995862,
                  "count": 17723,
                  "self": 30.402190599995862
                }
              ]
            },
            {
              "name": "workers",
              "total": 0.5460027999997656,
              "count": 17722,
              "self": 0.0,
              "children": [
                {
                  "name": "worker_root",
                  "total": 482.99808310000407,
                  "count": 17722,
                  "is_parallel": true,
                  "self": 149.13461350000654,
                  "children": [
                    {
                      "name": "UnityEnvironment.step",
                      "total": 333.86346959999753,
                      "count": 17722,
                      "is_parallel": true,
                      "self": 15.531064099999128,
                      "children": [
                        {
                          "name": "UnityEnvironment._generate_step_input",
                          "total": 3.1638931999982542,
                          "count": 17722,
                          "is_parallel": true,
                          "self": 3.1638931999982542
                        },
                        {
                          "name": "communicator.exchange",
                          "total": 315.16851230000015,
                          "count": 17722,
                          "is_parallel": true,
                          "self": 315.16851230000015
                        }
                      ]
                    }
                  ]
                }
              ]
            }
          ]
        },
        {
          "name": "update_policy",
          "total": 43.74622500000024,
          "count": 265,
          "self": 9.308922200001469,
          "children": [
            {
              "name": "PPOPolicy.update",
              "total": 34.43730279999877,
              "count": 10563,
              "self": 34.43730279999877
            }
          ]
        }
      ]
    }
  ]
}