{
  "name": "root",
  "gauges": [
    {
      "name": "RLLearningBrain.mean_reward",
      "value": 0.8042500000883592,
      "min": -0.4045087654560216,
      "max": 0.8924888890003786,
      "count": 45
    }
  ],
  "total": 614.0831072999999,
  "count": 1,
  "self": 35.44351279999637,
  "children": [
    {
      "name": "TrainerController.advance",
      "total": 578.6395945000036,
      "count": 50001,
      "self": 61.26442929999257,
      "children": [
        {
          "name": "env_step",
          "total": 189.56383200000764,
          "count": 50001,
          "self": 160.9486190000049,
          "children": [
            {
              "name": "SubprocessEnvManager._take_step",
              "total": 28.173072200009788,
              "count": 50001,
              "self": 0.7049884000120592,
              "children": [
                {
                  "name": "PPOPolicy.evaluate",
                  "total": 27.46808379999773,
                  "count": 50001,
                  "self": 27.46808379999773
                }
              ]
            },
            {
              "name": "workers",
              "total": 0.442140799992945,
              "count": 50001,
              "self": 0.0,
              "children": [
                {
                  "name": "worker_root",
                  "total": 605.174676599994,
                  "count": 50001,
                  "is_parallel": true,
                  "self": 476.3949254999992,
                  "children": [
                    {
                      "name": "UnityEnvironment.step",
                      "total": 128.7797510999948,
                      "count": 50001,
                      "is_parallel": true,
                      "self": 37.15543239999678,
                      "children": [
                        {
                          "name": "UnityEnvironment._generate_step_input",
                          "total": 8.203470999997556,
                          "count": 50001,
                          "is_parallel": true,
                          "self": 8.203470999997556
                        },
                        {
                          "name": "communicator.exchange",
                          "total": 83.42084770000046,
                          "count": 50001,
                          "is_parallel": true,
                          "self": 83.42084770000046
                        }
                      ]
                    }
                  ]
                }
              ]
            }
          ]
        },
        {
          "name": "update_policy",
          "total": 327.81133320000333,
          "count": 5009,
          "self": 71.61255250000204,
          "children": [
            {
              "name": "PPOPolicy.update",
              "total": 256.1987807000013,
              "count": 297723,
              "self": 256.1987807000013
            }
          ]
        }
      ]
    }
  ]
}